TITULO;OBSERVACIONES;PLATAFORMA;TERMINADO;COMPLETADO;PLATINO;G�NERO;FORMATO;PRECIO;ORIGEN;;
10 Second Ninja X;;PS4 / PSVita;NO;NO;-;Beat'Em Up;Digital;0,99 �;COMPRADO;;
99 Vidas;;PS4 / PSVita;SI;NO;NO;Beat'Em Up;Digital;0,00 �;GRATIS PS+;;
A Plague Tale: Innocence;;PS5 / PS4;SI;SI;SI;Aventura;Digital;0,00 �;GRATIS PS+;;
A Plague Tale: Requiem;;PS5;SI;SI;SI;Aventura;Digital;0,00 �;GRATIS PS+;;
A Way Out;;PS4;NO;NO;-;Aventura;Digital;7,49 �;COMPRADO;;
Absolver;;PS4;NO;NO;-;Lucha;Digital;0,00 �;GRATIS PS+;;
Abzu;;PS4;SI;SI;NO;Aventura;Digital;0,00 �;GRATIS;;
Access Denied;;PS4 / PSVita;SI;SI;SI;Otros;Digital;0,49 �;COMPRADO;;
Aces of the Multiverse;;PS4;NO;NO;-;Deportes;Digital;0,00 �;GRATIS PS+;;
Active Soccer 2 DX;;PS4 / PSVita;SI;SI;NO;Deportes;Digital;3,99 �;COMPRADO;;
Adventures of Mana;;PSVita;SI;SI;SI;RPG;Digital;9,99 �;COMPRADO;;
Aeterna Noctis;;PS5;SI;SI;SI;Metroidvania;F�sico;21,91 �;COMPRADO;;
AEW: Fight Forever;;PS5 / PS4;NO;NO;-;Lucha;Digital;0,00 �;GRATIS PS+;;
Alan Wake 2;;PS5;SI;SI;SI;Terror;Digital;0,00 �;GRATIS PS+;;
Alan Wake Remastered;REPETIDO;PS5;SI;SI;SI;Terror;F�sico;23,74 �;COMPRADO;;
Alan Wake Remastered;;PS5 / PS4;SI;SI;SI;Terror;Digital;0,00 �;GRATIS PS+;;
Alex Kidd In Miracle World DX;;PS5 / PS4;SI;SI;SI;Plataformas;F�sico;28,49 �;COMPRADO;;
Alienation;;PS4;NO;NO;-;Acci�n;Digital;0,00 �;GRATIS PS+;;
Aliens: Dark Descent;;PS5 / PS4;NO;NO;-;Acci�n;Digital;0,00 �;GRATIS PS+;;
Aliens: Fireteam Elite;;PS5 / PS4;NO;NO;-;Acci�n;Digital;0,00 �;GRATIS PS+;;
Alone in the Dark;;PS5;SI;SI;SI;Terror;Digital;0,00 �;GRATIS PS+;;
Amnesia: A Machine for Pigs;Amnesia: Collection;PS4;NO;NO;-;Terror;Digital;0,00 �;GRATIS PS+;;
Amnesia: Justine;Amnesia: Collection;PS4;NO;NO;-;Terror;Digital;0,00 �;GRATIS PS+;;
Amnesia: The Dark Descent;Amnesia: Collection;PS4;NO;NO;-;Terror;Digital;0,00 �;GRATIS PS+;;
Among Us;;PS5 / PS4;NO;NO;-;Otros;Digital;0,00 �;GRATIS PS+;;
Angry Birds Star Wars;;PSVita;SI;NO;NO;Otros;F�sico;6,95 �;COMPRADO;;
Another World;20th Anniversary Edition;PS4 / PSVita;SI;SI;NO;Aventura;Digital;0,00 �;GRATIS PS+;;
Anyone�s Diary;BUG;PSVR;SI;SI;SI;Plataformas;Digital;0,00 �;GRATIS PS+;;
Arcadegeddon;;PS5 / PS4;NO;NO;-;Shooter;Digital;0,00 �;GRATIS PS+;;
Arizona Sunshine;DLC Dead Man & The Damned;PSVR;SI;NO;NO;Shooter;Digital;17,72 �;COMPRADO;;
ARK: Survival Ascended;;PS5;NO;NO;-;Aventura;Digital;0,00 �;GRATIS PS+;;
ARK: Survival Evolved;;PS4;NO;NO;-;Aventura;Digital;0,00 �;GRATIS PS+;;
Assassin's Creed: Freedom Cry ;;PS4;SI;SI;NO;Aventura;Digital;0,00 �;GRATIS PS+;;
Assassin's Creed: Liberation;;PSVita;SI;SI;SI;Aventura;F�sico;8,33 �;COMPRADO;;
Assassin's Creed: Mirage;;PS5 / PS4;SI;SI;SI;Aventura;F�sico;26,97 �;COMPRADO;;
Assassin's Creed: Origins;;PS4;SI;SI;SI;Aventura;F�sico;37,35 �;COMPRADO;;
Assassin's Creed: Valhalla;Drakkar Edition;PS5 / PS4;SI;SI;SI;Aventura;F�sico;0,00 �;REGALO;;
Astrobot;;PS5;SI;SI;SI;Plataformas;F�sico;43,73 �;COMPRADO;;
Astrobot Rescue Mission;;PSVR;SI;SI;SI;Plataformas;Digital;0,00 �;REGALO;;
Astro's Playroom;;PS5;SI;SI;SI;Plataformas;Digital;0,00 �;GRATIS;;
Audica;;PSVR;NO;NO;-;Musical;Digital;14,99 �;COMPRADO;;
Axiom Verge 2;;PS5 / PS4;NO;NO;-;Acci�n;Digital;0,00 �;GRATIS PS+;;
Balan Wonderworld;;PS5 / PS4;NO;NO;-;Plataformas;F�sico;0,00 �;GRATIS;;
Balatro;;PS5 / PS4;NO;NO;-;Otros;Digital;0,00 �;GRATIS PS+;;
Bastion;;PS4 / PSVita;SI;SI;SI;RPG;Digital;3,99 �;COMPRADO;;
Batman - The Telltale Series;;PS4;NO;NO;-;Aventura;Digital;0,00 �;GRATIS PS+;;
Batman: Arkham Asylum;Batman: Return to Arkham ;PS4;SI;NO;NO;Acci�n;F�sico;25,43 �;COMPRADO;;
Batman: Arkham City;Batman: Return to Arkham ;PS4;NO;NO;-;Acci�n;Compartido;0,00 �;COMPARTIDO;;
Batman: Arkham Knight;;PS4;SI;SI;SI;Acci�n;Digital;0,00 �;GRATIS PS+;;
Batman: Arkham Origins Blackgate;;PSVita;SI;SI;SI;Acci�n;F�sico;6,24 �;COMPRADO;;
Batman: Arkham VR;;PSVR;SI;SI;NO;Aventura;Digital;8,99 �;COMPRADO;;
Battlefield 1;;PS4;NO;NO;-;Shooter;Digital;0,00 �;GRATIS PS+;;
Battlefield 2042;;PS5 / PS4;NO;NO;-;Shooter;Digital;0,00 �;GRATIS PS+;;
Battlefield V;;PS4;NO;NO;-;Shooter;Digital;0,00 �;GRATIS PS+;;
Battlezone;;PSVR;NO;NO;-;Acci�n;F�sico;5,00 �;COMPRADO;;
Beat Saber;;PS4;NO;NO;-;Musical;Digital;29,99 �;COMPRADO;;
Beyond: Dos Almas;;PS4;SI;SI;SI;Aventura Gr�fica;Digital;0,00 �;GRATIS PS+;;
Biomutant;;PS5 / PS4;SI;SI;SI;Aventura;Digital;0,00 �;GRATIS PS+;;
BioShock;BioShock: The Collection;PS4;NO;NO;-;Shooter;Digital;0,00 �;GRATIS PS+;;
BioShock 2;BioShock: The Collection;PS4;NO;NO;-;Shooter;Digital;0,00 �;GRATIS PS+;;
BioShock Infinite;BioShock: The Collection;PS4;NO;NO;-;Shooter;Digital;0,00 �;GRATIS PS+;;
Black Desert;MMORPG;PS5 / PS4;NO;NO;-;RPG;Digital;0,00 �;GRATIS PS+;;
Blood & Truth;;PSVR;SI;SI;SI;Acci�n;F�sico;0,00 �;REGALO;;
Bloodborne;;PS4;SI;SI;SI;Soulslike;Digital;0,00 �;GRATIS PS+;;
Bob Esponja: Battle for Bikini Bottom;;PS4;NO;NO;-;Plataformas;Digital;0,00 �;GRATIS PS+;;
Bob Esponja: The Cosmic Shake;;PS5 / PS4;NO;NO;-;Plataformas;Digital;0,00 �;GRATIS PS+;;
Bomb Rush Cyberfunk;;PS5 / PS4;NO;NO;-;Aventura;Digital;0,00 �;GRATIS PS+;;
Bombing Busters;;PS4 / PSVita;NO;NO;-;Otros;Digital;0,00 �;GRATIS PS+;;
Borderlands 2;Borderlands: Una colecci�n muy guapa;PS4;NO;NO;-;Looter Shooter;Digital;0,00 �;GRATIS PS+;;
Borderlands 2 VR;;PSVR;NO;NO;-;Looter Shooter;Digital;36,99 �;COMPRADO;;
Borderlands 3;;PS5 / PS4;NO;NO;-;Looter Shooter;Digital;0,00 �;GRATIS PS+;;
Borderlands The Pre-Sequel;Borderlands: Una colecci�n muy guapa;PS4;NO;NO;-;Looter Shooter;Digital;0,00 �;GRATIS PS+;;
Bouncy Bullets;;PS4 / PSVita;SI;SI;SI;Acci�n;Digital;0,49 �;COMPRADO;;
Bugsnax;;PS5;NO;NO;-;Aventura;Digital;0,00 �;GRATIS PS+;;
Call of Duty: Black Ops 3;Zombies Chronicles Edition;PS4;NO;NO;-;Shooter;Digital;0,00 �;GRATIS PS+;;
Call of Duty: Black Ops 4;;PS4;NO;NO;-;Shooter;Digital;0,00 �;GRATIS PS+;;
Call of Duty: Black Ops Cold War;;PS5 / PS4;NO;NO;-;Shooter;Digital;0,00 �;GRATIS PS+;;
Call of Duty: Black Ops Declassified;;PSVita;SI;NO;NO;Shooter;F�sico;10,10 �;COMPRADO;;
Call of Duty: Modern Warfare 2 Remastered;;PS4;NO;NO;-;Shooter;Digital;0,00 �;GRATIS PS+;;
Call of Duty: Modern Warfare Remastered ;;PS4;NO;NO;-;Shooter;Digital;0,00 �;GRATIS PS+;;
Call of Duty: WWII;;PS4;NO;NO;-;Shooter;Digital;0,00 �;GRATIS PS+;;
Capcom Arcade Stadium?Ghosts 'n Goblins;;PS4;NO;NO;-;Plataformas;Digital;0,00 �;GRATIS;;
Captain Tsubasa: Rise of New Champions;;PS4;SI;SI;SI;Deportes;F�sico;21,90 �;COMPRADO;;
Carly And The Reaper Man;;PSVR;NO;NO;-;Plataformas;F�sico;9,24 �;COMPRADO;;
CarX Street;;PS5;NO;NO;-;Carreras;Digital;0,00 �;GRATIS;;
Cat Quest;;PS4;SI;SI;SI;RPG;Digital;6,99 �;COMPRADO;;
Cat Quest II;;PS4;SI;SI;SI;RPG;Digital;8,99 �;COMPRADO;;
Cat Quest III;;PS5;SI;SI;SI;RPG;F�sico;0,00 �;REGALO;;
Cazapalabras;;PS4;SI;NO;NO;PlayLink;F�sico;7,95 �;COMPRADO;;
Child of Light;;PS4;SI;SI;NO;RPG;Digital;0,00 �;GRATIS PS+;;
Chimparty;;PS4;SI;NO;NO;PlayLink;F�sico;13,99 �;COMPRADO;;
Chivalry 2;;PS5 / PS4;NO;NO;-;Battle Arena;Digital;0,00 �;GRATIS PS+;;
Clair Obscur: Expedition 33;;PS5;SI;SI;SI;RPG;F�sico;0,00 �;REGALO;;
Claire: Extended Cut;;PS4 / PSVita;SI;SI;SI;Aventura;Digital;0,00 �;GRATIS PS+;;
Cocoon;;PS5 / PS4;NO;NO;-;Aventura;Digital;0,00 �;GRATIS PS+;;
Code Vein;;PS4;NO;NO;-;RPG;Digital;0,00 �;GRATIS PS+;;
Conan Exiles;;PS4;SI;SI;SI;RPG;Digital;0,00 �;GRATIS PS+;;
Concrete Genie;;PS4 / PSVR Bonus;SI;SI;SI;Aventura;Digital;0,00 �;GRATIS PS+;;
Control;Ultimate Edition;PS5 / PS4;SI;SI;SI;Acci�n;Digital;0,00 �;GRATIS PS+;;
CoolPaintrVR;;PSVR;SI;SI;SI;Otros;Digital;0,00 �;GRATIS PS+;;
Core Keeper;;PS5 / PS4;NO;NO;-;Aventura;Digital;0,00 �;GRATIS PS+;;
Crash Bandicoot 1;Crash Bandicoot N. Sane Trilogy;PS4;SI;SI;SI;Plataformas;Digital;0,00 �;GRATIS PS+;;
Crash Bandicoot 2;Crash Bandicoot N. Sane Trilogy;PS4;SI;SI;SI;Plataformas;Digital;0,00 �;GRATIS PS+;;
Crash Bandicoot 3;Crash Bandicoot N. Sane Trilogy;PS4;SI;SI;SI;Plataformas;Digital;0,00 �;GRATIS PS+;;
Crash Bandicoot 4 - It's About Time;;PS5 / PS4;SI;NO;NO;Plataformas;Digital;0,00 �;GRATIS PS+;;
Crypt of the NecroDancer;;PS4;NO;NO;-;RPG;Digital;0,00 �;GRATIS;;
Curse of the Dead Gods;;PS4;NO;NO;-;RPG;Digital;0,00 �;GRATIS PS+;;
Cybarian: The Time Travelling Warrior;;PS4 / PSVita;SI;SI;SI;Beat'Em Up;Digital;1,49 �;COMPRADO;;
Cyberpunk 2077;Day One Edition;PS5 / PS4;SI;SI;SI;RPG;F�sico;21,99 �;COMPRADO;;
Daggerhood;;PS4 / PSVita;SI;SI;SI;Plataformas;Digital;0,99 �;COMPRADO;;
Darkest Dungeon;;PS4 / PSVita;NO;NO;-;RPG;Digital;4,39 �;COMPRADO;;
Darkness Rollercoaster - Ultimate Shooter Edition;;PSVR;NO;NO;-;Shooter;Digital;2,69 �;COMPRADO;;
Darksiders II Deathinitive Edition;Darksiders: Fury's Collection - War and Death;PS4;NO;NO;-;Acci�n;Digital;0,00 �;COMPARTIDO;;
Darksiders III;;PS4;NO;NO;-;Acci�n;Digital;0,00 �;GRATIS PS+;;
Darksiders Warmastered Edition;Darksiders: Fury's Collection - War and Death;PS4;NO;NO;-;Acci�n;Digital;9,99 �;COMPRADO;;
Dawn of Fear;;PS4;SI;SI;SI;Terror;Digital;0,00 �;GRATIS PS+;;
Day Z;;PS4;NO;NO;-;Acci�n;Digital;0,00 �;GRATIS PS+;;
Days Gone;;PS4;SI;SI;SI;Aventura;Digital;0,00 �;GRATIS PS+;;
Dead by Daylight: Edici�n Especial ;Online;PS4;NO;NO;-;Shooter;Digital;0,00 �;GRATIS PS+;;
Dead Island Retro Revenge;;PS4;SI;NO;NO;Beat'Em Up;Digital;6,66 �;COMPRADO;;
Dead Island Riptide;;PS4;NO;NO;-;Looter Shooter;Digital;6,66 �;COMPRADO;;
Dead Space;;PS5;NO;NO;-;Terror;Digital;0,00 �;GRATIS PS+;;
Death Note Killer Within;;PS5 / PS4;NO;NO;-;Otros;Digital;0,00 �;GRATIS PS+;;
Death Stranding;Director's Cut;PS5;SI;SI;SI;Aventura;F�sico;19,90 �;COMPRADO;;
Death's Door;;PS5 / PS4;SI;SI;SI;Aventura;Digital;0,00 �;GRATIS PS+;;
Decay of Logos;;PS4;NO;NO;-;RPG;Digital;0,00 �;GRATIS PS+;;
Deep Rock Galactic;;PS4;NO;NO;-;Shooter;Digital;0,00 �;GRATIS PS+;;
Deiland;;PS4;NO;NO;-;Otros;Digital;0,00 �;GRATIS PS+;;
Demon's Souls;;PS5;SI;SI;SI;Soulslike;F�sico;35,44 �;COMPRADO;;
Descenders;;PS4;NO;NO;-;Carreras;Digital;0,00 �;GRATIS PS+;;
Destiny 2;DLC M�s all� de la luz;PS5 / PS4;NO;NO;-;Looter Shooter;Digital;0,00 �;GRATIS;;
Destruction AllStars;;PS5;NO;NO;-;Battle Arena;Digital;0,00 �;GRATIS PS+;;
Detroit: Become Human;Edici�n Digital Deluxe;PS4;SI;SI;SI;Aventura;Digital;0,00 �;GRATIS PS+;;
Deus Ex: Mankind Divided;;PS4;NO;NO;-;Shooter;Digital;0,00 �;GRATIS PS+;;
Devious Dungeon;;PS4 / PSVita;SI;SI;SI;Plataformas;Digital;2,39 �;COMPRADO;;
Diablo IV;MMORPG;PS5 / PS4;NO;NO;-;RPG;Digital;0,00 �;GRATIS PS+;;
Digimon Story Cyber Sleuth: Hacker's Memory;;PS4;NO;NO;-;RPG;Digital;0,00 �;GRATIS PS+;;
DIRT 5;;PS5 / PS4;SI;SI;SI;Carreras;Digital;0,00 �;GRATIS PS+;;
DIRT Rally 2.0;;PS4;NO;NO;-;Carreras;Digital;0,00 �;GRATIS PS+;;
Disc Jam;;PS4;SI;SI;NO;Deportes;Digital;0,00 �;GRATIS PS+;;
Divine Knockout;Edici�n del Fundador;PS5 / PS4;NO;NO;-;Battle Arena;Digital;0,00 �;GRATIS PS+;;
Doki Doki Literature Club Plus!;;PS5 / PS4;NO;NO;-;Otros;Digital;0,00 �;GRATIS PS+;;
Dokuro;;PSVita;SI;SI;SI;Aventura;Digital;2,99 �;COMPRADO;;
Don'T Knock Twice;;PSVR;NO;NO;-;Terror;F�sico;6,24 �;COMPRADO;;
DOOM 3 VR;;PSVR;NO;NO;-;Shooter;F�sico;16,52 �;COMPRADO;;
DOOM VR;;PSVR;SI;SI;NO;Shooter;Digital;0,00 �;REGALO;;
Dragon Age: The Veilguard;;PS5;NO;NO;-;RPG;Digital;0,00 �;GRATIS PS+;;
Dragon Ball: The Breakers;;PS4;NO;NO;-;Aventura;Digital;0,00 �;GRATIS PS+;;
Dragon Quest III HD-2D Remake;(PAL/UK);PS5;SI;SI;SI;RPG;F�sico;38,66 �;COMPRADO;;
Dragon's Dogma II;;PS5;NO;NO;-;RPG;F�sico;38,10 �;COMPRADO;;
Dreams;;PS4 / PSVR Bonus;NO;NO;-;Otros;Digital;0,00 �;GRATIS PS+;;
DRIVECLUB;Pase de Temporada;PS4;SI;SI;SI;Carreras;Digital;19,99 �;COMPRADO;;
DRIVECLUB BIKES;;PS4;SI;SI;SI;Carreras;Digital;3,99 �;COMPRADO;;
DRIVECLUB VR;;PSVR;NO;NO;-;Carreras;Digital;7,49 �;COMPRADO;;
Dungeon Hunter Alliance;;PSVita;SI;NO;NO;RPG;F�sico;7,95 �;COMPRADO;;
Eagle Flight;;PSVR;NO;NO;-;Aventura;F�sico;12,00 �;COMPRADO;;
Edge of Eternity;;PS5;SI;SI;SI;RPG;F�sico;23,24 �;COMPRADO;;
eFootball;;PS5;SI;SI;NO;Deportes;Digital;0,00 �;GRATIS;;
Elden Ring;Launch Edition;PS5;SI;SI;SI;Soulslike;F�sico;49,99 �;COMPRADO;;
Ender Lilies: Quietus of the Knights;;PS4;SI;SI;SI;Aventura;Digital;0,00 �;GRATIS PS+;;
Endling Extinction is Forever;;PS5 / PS4;NO;NO;-;Aventura;Digital;0,00 �;GRATIS PS+;;
Enter the Gungeon;;PS4;NO;NO;-;Acci�n;Digital;0,00 �;GRATIS;;
Epic Mickey El Retorno de dos H�roes;;PSVita;NO;NO;-;Aventura;F�sico;12,00 �;COMPRADO;;
Epic Mickey Rebrushed;;PS5 / PS4;NO;NO;-;Aventura;Digital;0,00 �;GRATIS PS+;;
Erica;;PS4;SI;NO;NO;Otros;Digital;0,00 �;GRATIS PS+;;
Evasion;;PSVR;SI;NO;NO;Shooter;Digital;5,94 �;COMPRADO;;
EVE: Valkyrie;;PS4;NO;NO;-;Acci�n;F�sico;12,00 �;COMPRADO;;
Everybody's Golf VR;;PSVR;NO;NO;-;Deportes;F�sico;12,31 �;COMPRADO;;
Evil Dead: The Game;;PS5 / PS4;NO;NO;-;Terror;Digital;0,00 �;GRATIS PS+;;
Evil West;;PS5 / PS4;NO;NO;-;Acci�n;Digital;0,00 �;GRATIS PS+;;
Evoland: Legendary Edition;;PS4;SI;SI;SI;RPG;Digital;4,99 �;COMPRADO;;
F.I.S.T. Forged in Shadow Torch;;PS5;SI;SI;SI;Acci�n;F�sico;23,24 �;COMPRADO;;
F1 23;;PS5 / PS4;NO;NO;-;Carreras;Digital;0,00 �;GRATIS PS+;;
Fahrenheit;;PS4;NO;NO;-;Aventura Gr�fica;Digital;5,99 �;COMPRADO;;
Fall Guys: Ultimate Knockout;;PS5 / PS4;SI;NO;NO;Otros;Digital;0,00 �;GRATIS PS+;;
Fallen Legion: Flames of Rebellion;;PS4 / PSVita;SI;NO;NO;RPG;Digital;0,00 �;GRATIS PS+;;
Fallout 4;;PS4;SI;SI;SI;RPG;Digital;0,00 �;GRATIS PS+;;
Fallout 76;;PS4;NO;NO;-;RPG;Digital;0,00 �;GRATIS PS+;;
Fallout Shelter;;PS4;NO;NO;-;Otros;Digital;0,00 �;GRATIS;;
Farming Simulator 22;;PS5 / PS4;NO;NO;-;Otros;Digital;0,00 �;GRATIS PS+;;
Farpoint;;PSVR;SI;NO;NO;Shooter;Digital;0,00 �;GRATIS PS+;;
FC 24;;PS5 / PS4;SI;NO;NO;Deportes;Digital;0,00 �;GRATIS;;
FC 25;;PS5 / PS4;SI;NO;NO;Deportes;Digital;31,99 �;COMPRADO;;
FC 26;;PS5 / PS4;SI;NO;NO;Deportes;Digital;0,00 �;GRATIS;;
FIFA 20;;PS4;SI;NO;NO;Deportes;Digital;19,59 �;COMPRADO;;
FIFA 21;;PS5 / PS4;SI;NO;NO;Deportes;Digital;0,00 �;GRATIS;;
FIFA 22;;PS5 / PS4;SI;NO;NO;Deportes;Digital;0,00 �;GRATIS PS+;;
Final Fantasy VII Crisis Core Reunion;;PS5;SI;SI;SI;RPG;F�sico;46,99 �;COMPRADO;;
Final Fantasy VII Original;;PS4;SI;SI;SI;RPG;Digital;15,99 �;COMPRADO;;
Final Fantasy VII Rebirth;(PAL/UK);PS5;SI;SI;SI;RPG;F�sico;43,90 �;COMPRADO;;
Final Fantasy VII Remake;DLC INTERmission (REPETIDO);PS5 / PS4;SI;SI;SI;RPG;F�sico;49,90 �;COMPRADO;;
Final Fantasy VII Remake;;PS4;SI;SI;SI;RPG;Digital;0,00 �;GRATIS PS+;;
Final Fantasy VIII Remastered;;PS4;NO;NO;-;RPG;F�sico;9,00 �;COMPRADO;;
Final Fantasy X HD;Final Fantasy X | X-2 HD Remaster (Limited Edition);PS4;SI;NO;NO;RPG;F�sico;41,96 �;COMPRADO;;
Final Fantasy X-2 HD;Final Fantasy X | X-2 HD Remaster (Limited Edition);PS4;NO;NO;-;RPG;Compartido;0,00 �;COMPARTIDO;;
Final Fantasy XII: The Zodiac Age;;PS4;NO;NO;-;RPG;F�sico;37,90 �;COMPRADO;;
Final Fantasy XV;Day One Edition (REPETIDO);PS4;SI;SI;SI;RPG;F�sico;48,90 �;COMPRADO;;
Final Fantasy XV;Royal Edition;PS4;SI;SI;SI;RPG;Digital;0,00 �;GRATIS PS+;;
Final Fantasy XV - A King's Tale;;PS4;SI;SI;NO;Beat'Em Up;Digital;0,00 �;GRATIS;;
Final Fantasy XVI;;PS5;SI;SI;SI;RPG;F�sico;49,90 �;COMPRADO;;
Finger Fitness;;PS5;SI;SI;SI;Otros;Digital;0,66 �;COMPRADO;;
Firewall Zero Hour;;PSVR;NO;NO;-;Shooter;Digital;0,00 �;GRATIS PS+;;
First Class Trouble;;PS5 / PS4;NO;NO;-;Otros;Digital;0,00 �;GRATIS PS+;;
Five Nights at Freddy's SecurityBreach;;PS5 / PS4;NO;NO;-;Aventura;Digital;0,00 �;GRATIS PS+;;
Flatland: Prologue;;PS4;SI;SI;SI;Plataformas;Digital;0,59 �;COMPRADO;;
Foamstars;;PS5 / PS4;NO;NO;-;Battle Arena;Digital;0,00 �;GRATIS PS+;;
For Honor;;PS4;NO;NO;-;Lucha;Digital;0,00 �;GRATIS PS+;;
Forspoken;;PS5;SI;SI;SI;RPG;F�sico;34,99 �;COMPRADO;;
Fortnite;;PS5;NO;NO;-;Battle Arena;Digital;0,00 �;GRATIS;;
Foul Play ;;PS4 / PSVita;SI;SI;SI;Beat'Em Up;Digital;0,00 �;GRATIS PS+;;
FoxyLand;;PS4 / PSVita;SI;SI;SI;Plataformas;Digital;1,74 �;COMPRADO;;
FoxyLand 2;;PS4 / PSVita;SI;SI;SI;Plataformas;Digital;2,09 �;COMPRADO;;
Frantics;;PS4;SI;NO;NO;PlayLink;F�sico;9,90 �;COMPRADO;;
Fuera de mi c�sped;;PSVita;SI;NO;NO;Otros;Digital;0,00 �;GRATIS;;
FullBlast;;PS4 / PSVita;SI;SI;SI;Acci�n;Digital;1,19 �;COMPRADO;;
Game of Thrones;;PS4;SI;SI;SI;Aventura;Digital;0,00 �;GRATIS PS+;;
Ganbare! Super Strikers;;PS4 / PSVita;SI;SI;SI;RPG;Digital;4,99 �;COMPRADO;;
Generation Zero;;PS4;NO;NO;-;Acci�n;Digital;0,00 �;GRATIS PS+;;
Genshin Impact;MMORPG;PS5 / PS4;NO;NO;-;RPG;Digital;0,00 �;GRATIS;;
Ghost Giant;;PSVR;NO;NO;-;Aventura;Digital;2,49 �;COMPRADO;;
Ghost of Yotei;;PS5;SI;SI;SI;Aventura;F�sico;0,00 �;REGALO;;
Ghostrunner;;PS5;NO;NO;-;Acci�n;Digital;0,00 �;GRATIS PS+;;
Ghostrunner 2;;PS5;NO;NO;-;Acci�n;Digital;0,00 �;GRATIS PS+;;
Ghostwire Tokyo;REPETIDO;PS5;SI;SI;SI;RPG;F�sico;0,00 �;REGALO;;
Ghostwire Tokyo;;PS5;SI;SI;SI;RPG;Digital;0,00 �;GRATIS PS+;;
Goat Simulator;;PS4;SI;SI;SI;Otros;Digital;0,00 �;GRATIS PS+;;
Goat Simulator 3;;PS5 / PS4;NO;NO;-;Otros;Digital;0,00 �;GRATIS PS+;;
God Eater 2 Rage Burst;;PSVita;SI;NO;NO;RPG;F�sico;13,00 �;COMPRADO;;
God of War;;PS4;SI;SI;SI;Aventura;Digital;0,00 �;GRATIS PS+;;
God of War;God of War Collection;PSVita;SI;SI;SI;Aventura;F�sico;8,33 �;COMPRADO;;
God of War II;God of War Collection;PSVita;SI;SI;SI;Aventura;Compartido;0,00 �;COMPARTIDO;;
God of War III Remasterizado;;PS4;SI;SI;SI;Aventura;Digital;0,00 �;GRATIS PS+;;
God of War Ragnarok;Edici�n Digital Deluxe;PS5 / PS4;SI;SI;SI;Aventura;Digital;0,00 �;GRATIS;;
Godfall;Challenger Edition;PS5;NO;NO;-;RPG;Digital;0,00 �;GRATIS PS+;;
Gone Home;;PS4;SI;SI;NO;Aventura Gr�fica;Digital;0,00 �;GRATIS PS+;;
Gotham Knights;;PS5;SI;SI;SI;Acci�n;F�sico;18,16 �;COMPRADO;;
Gran Turismo Sport ;;PS4 / PSVR Bonus;NO;NO;-;Carreras;Digital;17,99 �;COMPRADO;;
Granblue Fantasy: Versus;;PS4;NO;NO;-;Lucha;Digital;0,00 �;GRATIS PS+;;
Grand Kingdom;;PS4;NO;NO;-;RPG;Digital;0,00 �;GRATIS PS+;;
Grand Theft Auto V;;PS4;NO;NO;-;Acci�n;F�sico;25,00 �;COMPRADO;;
Graveyard Keeper;;PS4;NO;NO;-;Aventura;Digital;0,00 �;GRATIS PS+;;
Gravity Duck;;PS4 / PSVita;SI;SI;SI;Plataformas;Digital;0,49 �;COMPRADO;;
GreedFall;;PS4;NO;NO;-;RPG;Digital;0,00 �;GRATIS PS+;;
GRID Legends;;PS5 / PS4;SI;SI;SI;Carreras;Digital;0,00 �;GRATIS PS+;;
Grim Fandango: Remastered;;PS4 / PSVita;SI;SI;SI;Aventura Gr�fica;Digital;0,00 �;GRATIS PS+;;
Grounded;;PS5 / PS4;NO;NO;-;Aventura;Digital;0,00 �;GRATIS PS+;;
Guitar Hero Live ;;PS4;SI;NO;NO;Musical;F�sico;27,25 �;COMPRADO;;
Hades;;PS5;SI;NO;NO;RPG;F�sico;23,99 �;COMPRADO;;
Harry Potter: Campeones de Quidditch;;PS5 / PS4;NO;NO;-;Deportes;Digital;0,00 �;GRATIS PS+;;
Has sido tu;;PS4;SI;NO;NO;PlayLink;Digital;0,00 �;GRATIS PS+;;
Heavenly Bodies;;PS5 / PS4;NO;NO;-;Plataformas;Digital;0,00 �;GRATIS PS+;;
Heavy Rain;;PS4;SI;SI;SI;Aventura Gr�fica;Digital;0,00 �;GRATIS PS+;;
Hell Let Loose;;PS5;NO;NO;-;Shooter;Digital;0,00 �;GRATIS PS+;;
Hello Neighbor 2;;PS5 / PS4;NO;NO;-;Aventura;Digital;0,00 �;GRATIS PS+;;
Here They Lie;;PSVR;SI;NO;NO;Terror;Digital;0,00 �;GRATIS PS+;;
Heroes Trials;;PS4 / PSVita;SI;SI;SI;RPG;Digital;1,79 �;COMPRADO;;
High on Life;;PS5 / PS4;NO;NO;-;Shooter;Digital;0,00 �;GRATIS PS+;;
HITMAN - La primera temporada completa;;PS4;NO;NO;-;Acci�n;Digital;0,00 �;GRATIS PS+;;
HITMAN 2;;PS4;NO;NO;-;Acci�n;Digital;0,00 �;GRATIS PS+;;
Hogwarts Legacy;(PAL/UK);PS5;SI;SI;SI;Aventura;F�sico;37,35 �;COMPRADO;;
Hollow Knight;Edici�n Coraz�n Vac�o;PS4;SI;SI;SI;Metroidvania;Digital;6,99 �;COMPRADO;;
Hood: Outlaws & Legends;;PS5 / PS4;NO;NO;-;Acci�n;Digital;0,00 �;GRATIS PS+;;
Horizon 2 Forbidden West;;PS5 / PS4;SI;SI;SI;Aventura;Digital;0,00 �;GRATIS;;
Horizon Chase Turbo;;PS4;NO;NO;-;Carreras;Digital;0,00 �;GRATIS PS+;;
Horizon Zero Dawn;Complete Edition;PS4;SI;SI;SI;Aventura;Digital;0,00 �;GRATIS;;
Horror Adventure: Zombie Edition (VR);;PSVR;NO;NO;-;Acci�n;Digital;1,49 �;COMPRADO;;
Hot Wheels Unleashed;;PS5 / PS4;SI;NO;NO;Carreras;Digital;0,00 �;GRATIS PS+;;
Hot Wheels Unleashed 2 Turbocharged;;PS5 / PS4;SI;SI;SI;Carreras;Digital;0,00 �;GRATIS PS+;;
Hunter's Arena: Legends;;PS5;NO;NO;-;Battle Arena;Digital;0,00 �;GRATIS PS+;;
I Am the Hero;;PS4 / PSVita;SI;SI;SI;Beat'Em Up;Digital;2,99 �;COMPRADO;;
Iconoclasts;;PS4 / PSVita;SI;NO;NO;Metroidvania;Digital;0,00 �;GRATIS PS+;;
Immortal Legacy: The Jade Cipher;;PSVR;NO;NO;-;Shooter;Digital;9,99 �;COMPRADO;;
Immortals Fenyx Rising ;;PS5 / PS4;SI;SI;SI;Aventura;F�sico;39,00 �;COMPRADO;;
Immortals of Aveum;;PS5;NO;NO;-;Acci�n;Digital;0,00 �;GRATIS PS+;;
Indivisible;;PS4;SI;SI;SI;RPG;F�sico;0,00 �;REGALO;;
InFAMOUS Second Son;;PS4;NO;NO;-;Acci�n;Digital;0,00 �;GRATIS PS+;;
Infinite Minigolf;;PSVR;NO;NO;-;Deportes;Digital;3,74 �;COMPRADO;;
Injustice 2;;PS4;NO;NO;-;Lucha;Digital;0,00 �;GRATIS PS+;;
Injustice: Gods Among Us;Ultimate Edition;PS4;NO;NO;-;Lucha;Digital;0,00 �;GRATIS;;
Interaction Isn't Explicit;;PS5;SI;SI;NO;Aventura;Digital;0,00 �;GRATIS;;
Invizimals La Alianza;;PSVita;NO;NO;-;Otros;F�sico;6,24 �;COMPRADO;;
Ion Driver;;PS4;NO;NO;-;Carreras;Digital;0,00 �;GRATIS PS+;;
Iron Man VR;;PSVR;SI;NO;NO;Acci�n;F�sico;0,00 �;REGALO;;
Iron Snout;;PS4 / PSVita;SI;SI;SI;Acci�n;Digital;0,49 �;COMPRADO;;
It Takes Two;REPETIDO;PS5 / PS4;SI;SI;SI;Aventura;F�sico;33,99 �;COMPRADO;;
It Takes Two;Solo Cooperativo;PS5 / PS4;SI;SI;SI;Aventura;Digital;0,00 �;GRATIS PS+;;
Jade's Ascension;;PS4;NO;NO;-;Acci�n;Digital;0,00 �;GRATIS PS+;;
Jak & Daxter;The Jak & Daxter Trilogy;PSVita;SI;SI;SI;Aventura;F�sico;16,90 �;COMPRADO;;
Jak 3;The Jak & Daxter Trilogy;PSVita;NO;NO;-;Aventura;Compartido;0,00 �;COMPARTIDO;;
Jak II;The Jak & Daxter Trilogy;PSVita;NO;NO;-;Aventura;Compartido;0,00 �;COMPARTIDO;;
Journey;;PS4;SI;SI;NO;Aventura;Digital;0,00 �;GRATIS PS+;;
Jurassic World Evolution 2;;PS5 / PS4;NO;NO;-;Otros;Digital;0,00 �;GRATIS PS+;;
Jusant;;PS5;SI;SI;SI;Aventura;Digital;0,00 �;GRATIS PS+;;
Just Cause 3;BUG;PS4;SI;SI;SI;Acci�n;Digital;0,00 �;GRATIS PS+;;
Just Cause 4;;PS4;SI;SI;SI;Acci�n;Digital;0,00 �;GRATIS PS+;;
Just Dance 2020;;PS4;NO;NO;-;Musical;F�sico;25,64 �;COMPRADO;;
Kena Bridge of Spirits;;PS5;SI;SI;SI;Aventura;F�sico;21,70 �;COMPRADO;;
KH 0.2 Birth by Sleep;Kingdom Hearts HD 2.8 Final Chapter Prologue;PS4;SI;NO;NO;RPG;F�sico;24,90 �;COMPRADO;;
KH Birth by Sleep Final Mix;Kingdom Hearts HD 1.5 + 2.5;PS4;SI;NO;NO;RPG;Compartido;0,00 �;COMPARTIDO;;
KH Dream Drop Distance HD;Kingdom Hearts HD 2.8 Final Chapter Prologue;PS4;SI;NO;NO;RPG;Compartido;0,00 �;COMPARTIDO;;
KH Re:Chain of Memories;Kingdom Hearts HD 1.5 + 2.5;PS4;SI;NO;NO;RPG;Compartido;0,00 �;COMPARTIDO;;
KH X Back Cover;Kingdom Hearts HD 2.8 Final Chapter Prologue;PS4;SI;SI;-;RPG;Compartido;0,00 �;COMPARTIDO;;
Kid Tripp;;PS4 / PSVita;SI;SI;SI;Plataformas;Digital;0,39 �;COMPRADO;;
Killing Floor 2;;PS4;NO;NO;-;Shooter;Digital;0,00 �;GRATIS PS+;;
Killing Floor 3;;PS5;NO;NO;-;Shooter;Digital;0,00 �;GRATIS PS+;;
Kingdom Hearts 3;(PAL/UK);PS4;SI;SI;SI;RPG;F�sico;41,25 �;COMPRADO;;
Kingdom Hearts 358/2 Days;Kingdom Hearts HD 1.5 + 2.5;PS4;SI;SI;-;RPG;F�sico;0,00 �;REGALO;;
Kingdom Hearts Final Mix;Kingdom Hearts HD 1.5 + 2.5;PS4;SI;NO;NO;RPG;Compartido;0,00 �;COMPARTIDO;;
Kingdom Hearts II Final Mix;Kingdom Hearts HD 1.5 + 2.5;PS4;SI;NO;NO;RPG;Compartido;0,00 �;COMPARTIDO;;
Kingdom Hearts Melody of Memory;;PS4;SI;SI;SI;Musical;F�sico;0,00 �;REGALO;;
Kingdom Hearts Re: Coded;Kingdom Hearts HD 1.5 + 2.5;PS4;SI;SI;-;RPG;Compartido;0,00 �;COMPARTIDO;;
Kingdoms of Amalur: Re-Reckoning;;PS4;NO;NO;-;RPG;Digital;0,00 �;GRATIS PS+;;
Kitaria Fables;;PS5;SI;SI;SI;RPG;F�sico;11,96 �;COMPRADO;;
Knack;;PS4;NO;NO;-;Plataformas;Digital;0,00 �;GRATIS PS+;;
Knockout City;;PS5 / PS4;NO;NO;-;Deportes;Digital;0,00 �;GRATIS PS+;;
Kona VR Bundle;;PSVR;NO;NO;-;Aventura;Digital;3,99 �;COMPRADO;;
La Tierra Media: Sombras de Guerra;;PS4;SI;SI;SI;Acci�n;Digital;0,00 �;GRATIS PS+;;
Lara Croft and the Temple of Osiris;;PS4;SI;NO;NO;Acci�n;Digital;0,00 �;GRATIS PS+;;
Lara Croft GO;;PS4 / PSVita;SI;SI;SI;Aventura;Digital;2,49 �;COMPRADO;;
LEGO 2K Drive;;PS5 / PS4;SI;SI;SI;Carreras;Digital;0,00 �;GRATIS PS+;;
LEGO DC Super-Villains;;PS4;NO;NO;-;Acci�n;Digital;0,00 �;GRATIS PS+;;
LEGO Harry Potter Collection;;PS4;NO;NO;-;Acci�n;Digital;0,00 �;GRATIS PS+;;
LEGO Horizon Adventures;;PS5;NO;NO;-;Acci�n;Digital;0,00 �;GRATIS PS+;;
LEGO NINJAGO La Pel�cula El Video Juego;;PS4;NO;NO;-;Acci�n;Digital;0,00 �;GRATIS;;
LEGO Star Wars: El Despertar de la Fuerza;;PSVita;NO;NO;-;Acci�n;F�sico;2,99 �;COMPRADO;;
LEGO Star Wars: La Saga Skywalker;;PS5 / PS4;SI;SI;SI;Acci�n;Digital;0,00 �;GRATIS PS+;;
LEGO Star Wars: La Saga Skywalker;REPETIDO;PS5;SI;SI;SI;Acci�n;F�sico;32,99 �;COMPRADO;;
Letter Quest Remastered;;PS4 / PSVita;NO;NO;-;RPG;Digital;2,49 �;COMPRADO;;
Lies of P;;PS5 / PS4;SI;SI;SI;Soulslike;Digital;0,00 �;GRATIS PS+;;
Lies of P;REPETIDO (PAL/UK);PS5;SI;SI;SI;Soulslike;F�sico;35,80 �;COMPRADO;;
Little Deviants;;PSVita;SI;NO;NO;Otros;F�sico;6,97 �;COMPRADO;;
Little Nightmares;Complete Edition;PS4;SI;SI;NO;Aventura;Digital;7,49 �;COMPRADO;;
Little Nightmares II;;PS5 / PS4;SI;SI;SI;Aventura;Digital;0,00 �;GRATIS PS+;;
LittleBigPlanet 3 ;;PS4;SI;NO;NO;Plataformas;Digital;0,00 �;GRATIS PS+;;
LittleBigPlanet Run Sackboy! Run!;;PSVita;SI;NO;NO;Plataformas;Digital;0,00 �;GRATIS;;
Live is Strange;;PS4;SI;SI;SI;Aventura Gr�fica;Digital;0,00 �;GRATIS PS+;;
LocoRoco Remastered;;PS4;NO;NO;-;Otros;Digital;4,33 �;COMPRADO;;
Lords of the Fallen;;PS4;SI;NO;NO;Soulslike;Digital;0,00 �;GRATIS PS+;;
Lords of the Fallen (2023);;PS5;NO;NO;-;Soulslike;Digital;0,00 �;GRATIS PS+;;
Lords of the Fallen (2023);REPETIDO (PAL/UK);PS5;NO;NO;-;Soulslike;F�sico;36,21 �;COMPRADO;;
Los Sims 4;;PS4;NO;NO;-;Otros;Digital;0,00 �;GRATIS PS+;;
Lost Judgment;;PS5;Si;NO;NO;Aventura;F�sico;28,90 �;COMPRADO;;
Lucky's Tale;;PSVR;NO;NO;-;Plataformas;Digital;5,39 �;COMPRADO;;
Mad Max;;PS4;NO;NO;-;Acci�n;Digital;0,00 �;GRATIS PS+;;
Mafia;Edici�n Definitiva;PS4;NO;NO;-;Acci�n;Digital;0,00 �;GRATIS PS+;;
Mafia II;Edici�n Definitiva;PS4;NO;NO;-;Acci�n;Digital;0,00 �;GRATIS PS+;;
Mafia III;;PS4;NO;NO;-;Acci�n;Digital;0,00 �;GRATIS PS+;;
Magicka 2;;PS4;SI;NO;NO;RPG;Digital;0,00 �;GRATIS PS+;;
Maneater;;PS5;SI;SI;SI;Acci�n;Digital;0,00 �;GRATIS PS+;;
Maquette;;PS5;SI;SI;SI;Aventura;Digital;0,00 �;GRATIS PS+;;
Marsi's Adventures;;PS4;SI;SI;SI;Plataformas;Digital;0,09 �;COMPRADO;;
Marvel Rivals;;PS5;NO;NO;-;Battle Arena;Digital;0,00 �;GRATIS;;
Marvel�s Spider-Man;Prestado Juncal;PS4;SI;SI;SI;Aventura;F�sico;36,99 �;COMPRADO;;
Marvel�s Spider-Man Miles Morales;;PS5;SI;SI;SI;Aventura;F�sico;29,90 �;COMPRADO;;
Marvel's Avengers;Importacion Alemana;PS5 / PS4;SI;NO;NO;Aventura;F�sico;11,12 �;COMPRADO;;
Marvel's Midnight Suns;Edici�n Mejorada;PS5;SI;SI;SI;RPG;F�sico;0,00 �;REGALO;;
Mass Effect;Legendary Edition;PS4;NO;NO;-;Aventura;Digital;0,00 �;GRATIS PS+;;
Massira;;PS4;SI;SI;SI;Aventura;Digital;0,00 �;GRATIS PS+;;
Meet Your Maker;;PS5 / PS4;NO;NO;-;Shooter;Digital;0,00 �;GRATIS PS+;;
Mekabolt;;PS4 / PSVita;SI;SI;SI;Plataformas;Digital;0,49 �;COMPRADO;;
Melbits World;;PS4;NO;NO;-;PlayLink;Digital;0,00 �;GRATIS PS+;;
Metagal;;PS4 / PSVita;SI;SI;SI;Plataformas;Digital;0,99 �;COMPRADO;;
Metal Gear Solid V: The Phantom Pain;;PS4;NO;NO;-;Acci�n;Digital;0,00 �;GRATIS PS+;;
Metaphor: Refantazio;(PAL/UK);PS5;SI;SI;SI;RPG;F�sico;17,99 �;COMPRADO;;
Midnight Deluxe;;PS4 / PSVita;SI;SI;SI;Otros;Digital;0,49 �;COMPRADO;;
Mighty No. 9;;PS4;NO;NO;-;Plataformas;Digital;0,00 �;GRATIS PS+;;
Miles & Kilo;;PS4 / PSVita;SI;SI;SI;Plataformas;Digital;0,79 �;COMPRADO;;
Milo�s Quest;;PS4 / PSVita;SI;SI;SI;Aventura;Digital;0,49 �;COMPRADO;;
Minecraft Dungeons;;PS4;NO;NO;-;Aventura;Digital;0,00 �;GRATIS PS+;;
Minecraft Legends;;PS5 / PS4;NO;NO;-;Aventura;Digital;0,00 �;GRATIS PS+;;
MLB The Show 24;;PS5 / PS4;NO;NO;-;Deportes;Digital;0,00 �;GRATIS PS+;;
Mochi Mochi Boy;;PS4 / PSVita;SI;SI;SI;Otros;Digital;0,49 �;COMPRADO;;
Monster Hunter Rise;;PS5 / PS4;NO;NO;-;RPG;Digital;0,00 �;GRATIS PS+;;
Monster Hunter: World;;PS4;NO;NO;-;RPG;Digital;0,00 �;GRATIS PS+;;
Mortal Kombat X;;PS4;NO;NO;-;Lucha;Digital;0,00 �;GRATIS PS+;;
Mortal Shell;;PS4;NO;NO;-;Soulslike;Digital;0,00 �;GRATIS PS+;;
Moss;;PSVR;SI;SI;SI;Aventura;Digital;0,00 �;GRATIS;;
Motor Strike: Immortal Legends;;PS4;NO;NO;-;Carreras;Digital;0,00 �;GRATIS PS+;;
My First Gran Turismo;;PS5;NO;NO;-;Carreras;Digital;0,00 �;GRATIS;;
My Hero One's Justice 2;;PS4;NO;NO;-;Lucha;Digital;0,00 �;GRATIS PS+;;
My Name is Mayo;;PS4 / PSVita;SI;SI;SI;Otros;Digital;0,83 �;COMPRADO;;
My Name is Mayo 2;;PS4;SI;SI;SI;Otros;Digital;0,89 �;COMPRADO;;
Naruto to Boruto - Shinobi Striker;;PS4;NO;NO;-;Acci�n;Digital;0,00 �;GRATIS PS+;;
NBA 2K16;;PS4;NO;NO;-;Deportes;Digital;0,00 �;GRATIS PS+;;
NBA 2K20;;PS4;NO;NO;-;Deportes;Digital;0,00 �;GRATIS PS+;;
NBA 2K23;;PS5 / PS4;NO;NO;-;Deportes;Digital;0,00 �;GRATIS PS+;;
NBA 2K25;;PS5 / PS4;NO;NO;-;Deportes;Digital;0,00 �;GRATIS PS+;;
Need for Speed Heat;;PS4;SI;SI;SI;Carreras;Digital;0,00 �;GRATIS PS+;;
Need for Speed Hot Pursuit Remastered;;PS4;NO;NO;-;Carreras;Digital;0,00 �;GRATIS PS+;;
Need for Speed Most Wanted;;PSVita;SI;NO;NO;Carreras;F�sico;8,33 �;COMPRADO;;
Need for Speed Payback;;PS4;SI;SI;SI;Carreras;Digital;0,00 �;GRATIS PS+;;
Need for Speed Unbound;;PS5;SI;SI;SI;Carreras;Digital;0,00 �;GRATIS PS+;;
Need for Speed Unbound;REPETIDO;PS5;SI;SI;SI;Carreras;F�sico;20,65 �;COMPRADO;;
NEO: The World Ends with You;;PS4;SI;NO;NO;RPG;F�sico;0,00 �;REGALO;;
Neon White;;PS5 / PS4;NO;NO;-;Acci�n;Digital;0,00 �;GRATIS PS+;;
NeonHAT;;PSVR;NO;NO;-;Carreras;Digital;0,00 �;GRATIS PS+;;
NHL 24;;PS5 / PS4;NO;NO;-;Deportes;Digital;0,00 �;GRATIS PS+;;
Ni No Kuni - La Ira de la Bruja Blanca Remastered;;PS4;SI;NO;NO;RPG;F�sico;0,00 �;REGALO;;
Ni No Kuni II - El Renacer de un Reino;;PS4;SI;SI;SI;RPG;F�sico;0,00 �;REGALO;;
Nickelodeon All-Star Brawl;;PS4;NO;NO;-;Lucha;Digital;0,00 �;GRATIS PS+;;
Nickelodeon All-Star Brawl 2;;PS5 / PS4;NO;NO;-;Lucha;Digital;0,00 �;GRATIS PS+;;
NieR: Automata ;(PAL/UK);PS4;SI;SI;SI;RPG;F�sico;32,99 �;COMPRADO;;
NieR: Replicant Remake;;PS4;SI;SI;SI;RPG;F�sico;25,51 �;COMPRADO;;
Nine Sols;;PS5 / PS4;NO;NO;-;Plataformas;Digital;0,00 �;GRATIS PS+;;
Nioh;;PS4;SI;SI;SI;Soulslike;Digital;0,00 �;GRATIS PS+;;
Nioh 2;;PS5 / PS4;SI;SI;SI;Soulslike;Digital;0,00 �;GRATIS PS+;;
Nobody Saves the World;;PS5 / PS4;SI;SI;SI;RPG;Digital;0,00 �;GRATIS PS+;;
NUBLA (El mundo de);;PS4;SI;SI;SI;Aventura Gr�fica;Digital;0,00 �;GRATIS PS+;;
NUBLA 2;;PS4;SI;SI;SI;Aventura Gr�fica;Digital;0,00 �;GRATIS PS+;;
Octopath Traveler II;;PS5;SI;SI;SI;RPG;F�sico;29,78 �;COMPRADO;;
Oddworld: Soulstorm;;PS5;SI;NO;NO;Aventura;Digital;0,00 �;GRATIS PS+;;
OlliOlli World;;PS5 / PS4;NO;NO;-;Plataformas;Digital;0,00 �;GRATIS PS+;;
ONRUSH;;PS4;NO;NO;-;Carreras;Digital;0,00 �;GRATIS PS+;;
Operation: Tango;Solo Cooperativo;PS5 / PS4;NO;NO;-;Aventura;Digital;0,00 �;GRATIS PS+;;
Outlast 2;;PS4;NO;NO;-;Terror;Digital;0,00 �;GRATIS PS+;;
Overcooked!;;PS4;SI;SI;NO;Otros;Digital;0,00 �;GRATIS PS+;;
Overcooked! All You Can Eat;;PS5;SI;SI;SI;Otros;Digital;0,00 �;GRATIS PS+;;
Pac-Man Championship Edition 2;;PS4;NO;NO;-;Otros;Digital;0,00 �;GRATIS;;
Pac-Man World: Re-PAC;;PS5 / PS4;SI;SI;SI;Plataformas;Digital;0,00 �;GRATIS PS+;;
Pang Adventures;;PS4;SI;NO;NO;Otros;Digital;3,99 �;COMPRADO;;
Paper Beast;;PSVR;NO;NO;-;Aventura;Digital;0,00 �;GRATIS;;
Paragon;;PS4;SI;SI;-;Battle Arena;Digital;0,00 �;GRATIS PS+;;
Paranormal Activity: The Lost Soul;;PSVR;SI;SI;SI;Terror;Digital;4,99 �;COMPRADO;;
PaRappa the Rapper Remastered;;PS4;SI;SI;SI;Musical;Digital;4,33 �;COMPRADO;;
Patapon Remastered;;PS4;NO;NO;-;Musical;Digital;4,33 �;COMPRADO;;
Payday 3;;PS5;NO;NO;-;Acci�n;Digital;0,00 �;GRATIS PS+;;
Persona 5;;PS4;SI;SI;SI;RPG;Digital;0,00 �;GRATIS PS+;;
Persona 5 Strikers;;PS4;NO;NO;-;RPG;Digital;0,00 �;GRATIS PS+;;
PGA TOUR 2K21;;PS4;NO;NO;-;Deportes;Digital;0,00 �;GRATIS PS+;;
PGA TOUR 2K23;;PS5 / PS4;NO;NO;-;Deportes;Digital;0,00 �;GRATIS PS+;;
PGA Tour 2K25;;PS5;NO;NO;-;Deportes;Digital;0,00 �;GRATIS PS+;;
Phantom Breaker Battle Ground;;PSVita;SI;NO;NO;Beat'Em Up;Digital;4,49 �;COMPRADO;;
Phobos Vector Prime: The First Ring;;PS4;SI;SI;SI;Acci�n;Digital;0,00 �;GRATIS PS+;;
Ping Redux;;PS5 / PS4;SI;SI;SI;Otros;Digital;0,00 �;GRATIS;;
Planet Coaster;Console Edition;PS5;NO;NO;-;Otros;Digital;0,00 �;GRATIS PS+;;
Plants vs Zombies: La Batalla de Neighborville;;PS4;NO;NO;-;Otros;Digital;0,00 �;GRATIS PS+;;
Pool Blitz;;PS5;SI;NO;NO;Deportes;Digital;0,00 �;GRATIS PS+;;
Portal Knights;;PS4;NO;NO;-;RPG;Digital;0,00 �;GRATIS PS+;;
PowerWash Simulator;;PS5 / PS4;NO;NO;-;Otros;Digital;0,00 �;GRATIS PS+;;
Predator: Hunting Grounds;;PS4;NO;NO;-;Shooter;Digital;0,00 �;GRATIS PS+;;
Prince of Persia: La Corona Perdida;(PAL/UK);PS5;SI;SI;SI;Metroidvania;F�sico;25,39 �;COMPRADO;;
Probe: A Game Dev Experience;;PSVR;NO;NO;-;Otros;Digital;0,00 �;GRATIS PS+;;
Psychonauts 2;;PS4;NO;NO;-;Acci�n;Digital;0,00 �;GRATIS PS+;;
Puzzle Bobble 3D: Vacation Odyssey;;PS5 / PSVR;SI;SI;SI;Otros;Digital;13,99 �;COMPRADO;;
Racket Fury: Table Tennis;;PSVR;NO;NO;-;Otros;Digital;0,00 �;GRATIS PS+;;
Ratchet & Clank;;PS4;SI;SI;SI;Acci�n;Digital;0,00 �;GRATIS PS+;;
Ratchet & Clank HD 1;Ratchet & Clank Trilogy;PSVita;SI;SI;SI;Acci�n;F�sico;15,55 �;COMPRADO;;
Ratchet & Clank HD 2;Ratchet & Clank Trilogy;PSVita;SI;SI;SI;Acci�n;Compartido;0,00 �;COMPARTIDO;;
Ratchet & Clank HD 3;Ratchet & Clank Trilogy;PSVita;SI;SI;SI;Acci�n;Compartido;0,00 �;COMPARTIDO;;
Rayman Legends;;PS4;SI;NO;NO;Plataformas;Digital;0,00 �;GRATIS PS+;;
Rayman Legends;Rayman Legends + Origins;PSVita;SI;NO;NO;Plataformas;F�sico;10,10 �;COMPRADO;;
Rayman Origins;Rayman Legends + Origins;PSVita;SI;SI;SI;Plataformas;Compartido;0,00 �;COMPARTIDO;;
Red Dead Redemption 2;;PS4;SI;NO;NO;Aventura;F�sico;0,00 �;REGALO;;
Remnant: From the Ashes;;PS4;SI;SI;SI;Soulslike;Digital;0,00 �;GRATIS PS+;;
Resident Evil 7: Biohazard;;PS4 / PSVR Bonus;SI;NO;NO;Terror;Digital;0,00 �;GRATIS PS+;;
Resident Evil 7: Biohazard;REPETIDO;PS4 / PSVR Bonus;SI;NO;NO;Terror;F�sico;31,49 �;COMPRADO;;
Resident Evil HD;;PS4;SI;NO;NO;Terror;Digital;0,00 �;GRATIS PS+;;
Resident Evil Village;;PS5;SI;NO;NO;Terror;F�sico;45,71 �;COMPRADO;;
Retro City Rampage DX;;PS4 / PSVita;SI;SI;NO;Acci�n;Digital;4,99 �;COMPRADO;;
Returnal;;PS5;SI;SI;SI;RPG;F�sico;39,58 �;COMPRADO;;
Rez Infinite;;PSVR;NO;NO;-;Acci�n;Digital;0,00 �;GRATIS;;
Ridge Racer;;PSVita;SI;SI;SI;Carreras;F�sico;6,97 �;COMPRADO;;
RIGS Mechanized Combat League;;PSVR;NO;NO;-;Battle Arena;Digital;0,00 �;GRATIS PS+;;
RiME;;PS4;SI;SI;SI;Aventura;Digital;0,00 �;GRATIS PS+;;
Rise Of The Tomb Raider: 20 Aniversario;REPETIDO;PS4 / PSVR Bonus;SI;NO;NO;Aventura;F�sico;49,90 �;COMPRADO;;
Rise Of The Tomb Raider: 20 Aniversario;;PS4 / PSVR Bonus;SI;NO;NO;Aventura;Digital;0,00 �;GRATIS PS+;;
Robinson: The Journey;;PSVR;SI;SI;SI;Aventura;Digital;7,99 �;COMPRADO;;
RoboCop: Rogue City;;PS5;SI;SI;SI;Aventura;Digital;0,00 �;GRATIS PS+;;
Rocket League;GOTY Edition;PS4;SI;SI;SI;Deportes;Digital;14,99 �;COMPRADO;;
Rogue Aces;;PS4 / PSVita;SI;NO;NO;Acci�n;Digital;0,00 �;GRATIS PS+;;
Rogue Galaxy;;PS4;NO;NO;-;RPG;Digital;4,99 �;COMPRADO;;
Rollerdrome;;PS5 / PS4;NO;NO;-;Acci�n;Digital;0,00 �;GRATIS PS+;;
Rolling Bob;;PS4;NO;NO;-;Plataformas;Digital;0,00 �;GRATIS PS+;;
Saber es Poder;;PS4;SI;NO;NO;PlayLink;Digital;0,00 �;GRATIS PS+;;
Saber es Poder: Generaciones;;PS4;SI;NO;NO;PlayLink;F�sico;9,90 �;COMPRADO;;
Sable;;PS5;NO;NO;-;Aventura;Digital;0,00 �;GRATIS PS+;;
Sackboy: Una Aventura a lo Grande;;PS5 / PS4;SI;SI;SI;Plataformas;Digital;0,00 �;GRATIS PS+;;
Saints Row;;PS5 / PS4;NO;NO;-;Acci�n;Digital;0,00 �;GRATIS PS+;;
Saints Row: Gat out of Hell;;PS4;NO;NO;-;Acci�n;Digital;0,00 �;GRATIS PS+;;
Salt and Sanctuary;;PS4 / PSVita;SI;SI;SI;Soulslike;Digital;5,39 �;COMPRADO;;
Separation;;PSVR;NO;NO;-;Aventura;Digital;0,00 �;GRATIS PS+;;
Shadow of the Colossus;;PS4;SI;NO;NO;Aventura;Digital;0,00 �;GRATIS PS+;;
Shadow Of The Tomb Raider;;PS4;SI;NO;NO;Aventura;Digital;0,00 �;GRATIS PS+;;
Shadow Tactics: Blades of the Shogun;;PS4;NO;NO;-;Acci�n;Digital;0,00 �;GRATIS PS+;;
Shake Spears;;PSVita;SI;SI;NO;Otros;Digital;0,00 �;GRATIS;;
Shiness: The Lightning Kingdom;BUG;PS4;SI;SI;SI;RPG;Digital;9,99 �;COMPRADO;;
Shooty Fruity;;PSVR;NO;NO;-;Shooter;Digital;6,99 �;COMPRADO;;
SIFU;;PS5 / PS4;SI;SI;SI;Acci�n;Digital;0,00 �;GRATIS PS+;;
Sigi - A Fart for Melusina;;PS4 / PSVita;SI;SI;SI;Aventura;Digital;1,99 �;COMPRADO;;
Silent Hill 2 Remake;(PAL/UK);PS5;NO;NO;-;Terror;F�sico;34,64 �;COMPRADO;;
Silent Hill: The Short Message;;PS5;NO;NO;-;Terror;Digital;0,00 �;GRATIS;;
SingStar Celebration;;PS4;SI;NO;NO;PlayLink;F�sico;6,41 �;COMPRADO;;
Skul: The Hero Slayer;;PS4;NO;NO;-;Metroidvania;Digital;0,00 �;GRATIS PS+;;
Sky Force Anniversary ;;PS4 / PSVita;NO;NO;-;Acci�n;Digital;0,00 �;GRATIS PS+;;
Sky: Children of the Light;;PS4;NO;NO;-;Aventura;Digital;0,00 �;GRATIS;;
Skyrim VR;;PSVR;NO;NO;-;RPG;Digital;0,00 �;REGALO;;
Slain: Back from Hell;;PS4 / PSVita;SI;NO;NO;Aventura;Digital;4,49 �;COMPRADO;;
Slay the Spire;;PS4;NO;NO;-;Otros;Digital;0,00 �;GRATIS PS+;;
Slime Rancher 2;;PS5;NO;NO;-;Otros;Digital;0,00 �;GRATIS PS+;;
Smite;;PS4;SI;NO;NO;Battle Arena;Digital;0,00 �;GRATIS;;
Sniper Elite 4;;PS4;NO;NO;-;Acci�n;Digital;0,00 �;GRATIS PS+;;
SOMA;;PS4;NO;NO;-;Terror;Digital;0,00 �;GRATIS PS+;;
Song of Horror;Deluxe Edition;PS4;SI;SI;SI;Terror;F�sico;33,24 �;COMPRADO;;
Sonic All Stars Racing Transformed;;PSVita;SI;NO;NO;Carreras;F�sico;14,00 �;COMPRADO;;
Sonic Colours: Ultimate;;PS4;NO;NO;-;Plataformas;Digital;0,00 �;GRATIS PS+;;
Sonic Forces;;PS4;SI;NO;NO;Plataformas;Digital;0,00 �;GRATIS PS+;;
Sonic Frontiers;;PS5;SI;SI;SI;Plataformas;F�sico;27,99 �;COMPRADO;;
Sonic Mania;;PS4;SI;NO;NO;Plataformas;Digital;0,00 �;GRATIS PS+;;
Soul Sacrifice;;PSVita;SI;NO;NO;Acci�n;F�sico;12,00 �;COMPRADO;;
South Park - La Vara de la Verdad;;PS4;SI;NO;NO;RPG;Digital;0,00 �;REGALO;;
Star Ocean: Integrity & Faithlessness;Limited Edition;PS4;SI;NO;NO;RPG;F�sico;0,00 �;REGALO;;
Star Ocean: The Second Story R;;PS5 / PS4;SI;SI;SI;RPG;F�sico;16,90 �;COMPRADO;;
STAR WARS Battlefront;Edici�n Ultimate;PS4 / PSVR Bonus;NO;NO;-;Battle Arena;Digital;4,99 �;COMPRADO;;
STAR WARS Battlefront II;;PS4;NO;NO;-;Battle Arena;Digital;0,00 �;GRATIS PS+;;
STAR WARS Jedi: Fallen Order;;PS5 / PS4;SI;SI;SI;RPG;Digital;0,00 �;GRATIS PS+;;
STAR WARS Jedi: Survivor;(PAL/UK);PS5;SI;SI;SI;RPG;F�sico;0,00 �;REGALO;;
STAR WARS Outlaws;(PAL/UK);PS5;SI;SI;SI;Aventura;F�sico;33,12 �;COMPRADO;;
STAR WARS Squadrons;REPETIDO;PSVR;NO;NO;-;Acci�n;F�sico;0,00 �;REGALO;;
STAR WARS Squadrons;;PSVR;NO;NO;-;Acci�n;Digital;0,00 �;GRATIS PS+;;
StarBlood Arena;;PSVR;NO;NO;-;Battle Arena;Digital;0,00 �;GRATIS PS+;;
Stardew Valley;;PS4;NO;NO;-;Aventura;Digital;0,00 �;GRATIS PS+;;
Statik;;PSVR;SI;SI;NO;Otros;Digital;4,99 �;COMPRADO;;
Steelrising;;PS5;SI;SI;SI;Soulslike;Digital;0,00 �;GRATIS PS+;;
STEEP;;PS4;NO;NO;-;Acci�n;Digital;0,00 �;GRATIS PS+;;
Stranded Deep;;PS4;NO;NO;-;Aventura;Digital;0,00 �;GRATIS PS+;;
Stranger of Paradise: Final Fantasy Origin;;PS5;SI;SI;SI;RPG;F�sico;0,00 �;REGALO;;
Stray;;PS5 / PS4;SI;SI;SI;Aventura;Digital;0,00 �;GRATIS PS+;;
Street Fighter V;;PS4;NO;NO;-;Lucha;Digital;0,00 �;GRATIS PS+;;
Street of Rage 4;;PS4;NO;NO;-;Acci�n;Digital;0,00 �;GRATIS PS+;;
Submersed;;PS4;SI;SI;SI;Terror;Digital;0,00 �;GRATIS PS+;;
Subnautica;;PS5 / PS4;SI;SI;SI;Aventura;Digital;0,00 �;GRATIS PS+;;
Subnautica: Below Zero; ;PS5 / PS4;NO;NO;-;Aventura;Digital;0,00 �;GRATIS PS+;;
Suicide Squad: Kill The Justice League;;PS5;NO;NO;-;Acci�n;Digital;0,00 �;GRATIS PS+;;
Super Bomberman R Online;;PS4;NO;NO;-;Otros;Digital;0,00 �;GRATIS;;
Super Wiloo Demake;;PS4 / PSVita;SI;SI;SI;Plataformas;Digital;0,49 �;COMPRADO;;
Superhot;;PS4;NO;NO;-;Shooter;Digital;0,00 �;GRATIS PS+;;
Sword Art Online: Fractured Daydream;;PS5;NO;NO;-;RPG;Digital;0,00 �;GRATIS PS+;;
Synduality: Echo of Ada;;PS5;NO;NO;-;Aventura;Digital;0,00 �;GRATIS PS+;;
Table Top Racing: World Tour;;PS4;SI;SI;SI;Carreras;Digital;0,00 �;GRATIS PS+;;
Tails of Iron;;PS5 / PS4;SI;SI;SI;Metroidvania;Digital;0,00 �;GRATIS PS+;;
Tales from the Borderlands;;PS4;NO;NO;-;Aventura;Digital;0,00 �;GRATIS PS+;;
Tales of Arise;;PS5;SI;SI;SI;RPG;F�sico;51,99 �;COMPRADO;;
Tales of Hearts R;;PSVita;SI;NO;NO;RPG;F�sico;27,00 �;COMPRADO;;
Tales of Zestiria;;PS4;NO;NO;-;RPG;Digital;7,49 �;COMPRADO;;
Team Sonic Racing;;PS4;NO;NO;-;Carreras;Digital;0,00 �;GRATIS PS+;;
Tearaway Unfolded;;PS4;NO;NO;-;Plataformas;Digital;0,00 �;GRATIS PS+;;
Teenage Mutant Ninja Turtles:The Cowabunga Collection;;PS5 / PS4;SI;SI;SI;Beat'Em Up;Digital;0,00 �;GRATIS PS+;;
Temtem;;PS5;NO;NO;-;RPG;Digital;0,00 �;GRATIS PS+;;
Tennis World Tour 2;;PS4;NO;NO;-;Deportes;Digital;0,00 �;GRATIS PS+;;
TERA;MMORPG;PS4;SI;SI;SI;RPG;Digital;0,00 �;GRATIS PS+;;
Teslagrad;;PS4 / PSVita;SI;SI;SI;Plataformas;Digital;2,99 �;COMPRADO;;
Tetris Effect;;PSVR;NO;NO;-;Otros;F�sico;14,45 �;COMPRADO;;
The Amazing Spider-Man;;PSVita;SI;SI;SI;Aventura;F�sico;15,00 �;COMPRADO;;
The Ascent;;PS5;SI;SI;SI;RPG;F�sico;20,64 �;COMPRADO;;
The Brookhaven Experiment;;PSVR;NO;NO;-;Shooter;Digital;8,99 �;COMPRADO;;
The Callisto Protocol;;PS5 / PS4;SI;SI;SI;Terror;Digital;0,00 �;GRATIS PS+;;
The Crew 2;;PS4;SI;SI;SI;Carreras;Digital;0,99 �;COMPRADO;;
The Dark Pictures - House of Ashes;The Dark Pictures Anthology;PS5 / PS4;SI;SI;SI;Aventura;Compartido;0,00 �;COMPARTIDO;;
The Dark Pictures - Little Hope;The Dark Pictures Anthology;PS5 / PS4;SI;SI;SI;Aventura;Compartido;0,00 �;COMPARTIDO;;
The Dark Pictures - Man of Medan;The Dark Pictures Anthology;PS5 / PS4;SI;NO;NO;Aventura;F�sico;0,00 �;REGALO;;
The Dark Pictures Anthology - Man of Medan;REPETIDO;PS4;SI;NO;NO;Aventura;Digital;0,00 �;GRATIS PS+;;
The Elder Scrolls Online;Gold Road Collection;PS5 / PS4;NO;NO;-;RPG;Digital;0,00 �;GRATIS PS+;;
The Five Covens;;PS4;SI;SI;SI;Aventura;Digital;0,00 �;GRATIS PS+;;
The King of Fighters XV;;PS5 / PS4;NO;NO;-;Lucha;Digital;0,00 �;GRATIS PS+;;
The Last Guardian;;PS4;NO;NO;-;Aventura;Digital;0,00 �;GRATIS PS+;;
The Last of Us Parte 2;;PS4;SI;NO;NO;Aventura;F�sico;0,00 �;REGALO;;
The Last of Us: Remasterizado;;PS4;SI;NO;NO;Aventura;Digital;0,00 �;GRATIS PS+;;
The Outlast Trials;;PS5 / PS4;NO;NO;-;Aventura;Digital;0,00 �;GRATIS PS+;;
The Persistence;;PSVR;SI;NO;NO;Shooter;Digital;0,00 �;GRATIS PS+;;
The Persistence;REPETIDO;PS5 / PSVR;SI;NO;NO;Shooter;F�sico;12,82 �;COMPRADO;;
THE PLAYROOM;;PSVR;SI;SI;NO;Otros;Digital;0,00 �;GRATIS;;
THE PLAYROOM VR;;PSVR;SI;SI;SI;Otros;Digital;0,00 �;GRATIS;;
The Stanley Parable: Ultra Deluxe;;PS5 / PS4;NO;NO;-;Aventura;Digital;0,00 �;GRATIS PS+;;
The Surge;;PS4;NO;NO;-;Soulslike;Digital;0,00 �;GRATIS PS+;;
The Swindle;;PS4 / PSVita;NO;NO;-;Beat'Em Up;Digital;1,49 �;COMPRADO;;
The Texas Chain Saw Massacre;;PS5 / PS4;NO;NO;-;Terror;Digital;0,00 �;GRATIS PS+;;
The Walking Dead: Saints & Sinners;;PSVR;NO;NO;-;Aventura;Digital;0,00 �;GRATIS PS+;;
The Witcher 3: Wild Hunt;Day One Edition;PS5 / PS4;SI;NO;NO;RPG;F�sico;59,42 �;COMPRADO;;
The Witness;;PS4;NO;NO;-;Aventura;Digital;0,00 �;GRATIS;;
Theatrhythm Final Bar Line;(PAL/UK);PS4;SI;SI;SI;Musical;F�sico;31.22;COMPRADO;;
Theseus;;PSVR;SI;SI;NO;Aventura;Digital;4,99 �;COMPRADO;;
Thomas Was Alone;;PS4 / PSVita;SI;SI;NO;Plataformas;Digital;0,79 �;COMPRADO;;
Thumper;;PSVR;SI;SI;SI;Musical;Digital;4,99 �;COMPRADO;;
Tina Chiquitina Asalta la Mazmorra del Drag�n;;PS4;NO;NO;-;Looter Shooter;Digital;0,00 �;GRATIS PS+;;
Titan Souls;;PS4 / PSVita;NO;NO;-;Aventura;Digital;1,49 �;COMPRADO;;
Titanfall 2;;PS4;SI;SI;SI;Shooter;Digital;0,00 �;GRATIS PS+;;
TOEM;;PS5;NO;NO;-;Aventura;Digital;0,00 �;GRATIS PS+;;
Toki;;PS4;SI;NO;NO;Plataformas;Digital;1,99 �;COMPRADO;;
Tomb Raider;Definitive Edition (PAL/UK);PS4;SI;NO;NO;Aventura;F�sico;19,02 �;COMPRADO;;
Tomb Raider I - III Remastered;REPETIDO (PAL/UK);PS5;NO;NO;-;Aventura;F�sico;0,00 �;REGALO;;
Tomb Raider I - III Remastered;;PS5 / PS4;NO;NO;-;Aventura;Digital;0,00 �;GRATIS PS+;;
Tomb Raider IV - VI Remastered;;PS5;NO;NO;-;Aventura;F�sico;0,00 �;REGALO;;
Tony Hawk's Pro Skater 1 + 2;Lote Multigeneraci�n Deluxe;PS5 / PS4;NO;NO;-;Deportes;Digital;0,00 �;GRATIS PS+;;
Tormented Souls;;PS5;SI;NO;NO;Terror;F�sico;23,24 �;COMPRADO;;
Totally Accurate Battle Simulator;;PS5 / PS4;NO;NO;-;Acci�n;Digital;0,00 �;GRATIS PS+;;
Trackmania Turbo ;;PS4 / PSVR Bonus;NO;NO;-;Carreras;Digital;0,00 �;GRATIS PS+;;
Treasure Rangers;;PS4;NO;NO;-;Plataformas;Digital;0,00 �;GRATIS PS+;;
Trek to Yomi;;PS5 / PS4;NO;NO;-;Aventura;Digital;0,00 �;GRATIS PS+;;
Trials Fusion;;PS4;NO;NO;-;Carreras;Digital;0,00 �;GRATIS PS+;;
Tribes of Midgard;;PS5 / PS4;NO;NO;-;RPG;Digital;0,00 �;GRATIS PS+;;
Tunic;REPETIDO;PS5 / PS4;SI;SI;SI;RPG;F�sico;34,99 �;COMPRADO;;
Tunic;;PS5 / PS4;SI;SI;SI;RPG;Digital;0,00 �;GRATIS PS+;;
Twogether: Project Indigos Cap�tulo 1;;PS4;NO;NO;-;Aventura;Digital;0,00 �;GRATIS PS+;;
UFC 4;;PS4;NO;NO;-;Lucha;Digital;0,00 �;GRATIS PS+;;
UFL;;PS5;SI;SI;SI;Deportes;Digital;0,00 �;GRATIS;;
Ultros;;PS5 / PS4;NO;NO;-;Acci�n;Digital;0,00 �;GRATIS PS+;;
Uncharted 2 HD;Uncharted: The Nathan Drake Collection;PS4;SI;SI;SI;Aventura;Digital;0,00 �;GRATIS PS+;;
Uncharted 3 HD;Uncharted: The Nathan Drake Collection;PS4;SI;SI;SI;Aventura;Digital;0,00 �;GRATIS PS+;;
Uncharted 4: El desenlace del ladr�n;REPETIDO;PS4;SI;SI;SI;Aventura;Digital;0,00 �;GRATIS PS+;;
Uncharted 4: El desenlace del ladr�n;Uncharted: Colecci�n Legado de los Ladrones;PS5;SI;SI;SI;Aventura;F�sico;0,00 �;CAMBIO;;
Uncharted HD;Uncharted: The Nathan Drake Collection;PS4;SI;SI;SI;Aventura;Digital;0,00 �;GRATIS PS+;;
Uncharted: El Legado Perdido Remasterizado;Uncharted: Colecci�n Legado de los Ladrones;PS5;SI;SI;SI;Aventura;Compartido;0,00 �;COMPARTIDO;;
Undisputed;;PS5;NO;NO;-;Deportes;Digital;0,00 �;GRATIS PS+;;
Unearthing Mars 2: The Ancient War;;PSVR;SI;NO;NO;Shooter;Digital;5,99 �;COMPRADO;;
Unit 13;;PSVita;NO;NO;-;Acci�n;F�sico;6,97 �;COMPRADO;;
UnMetal;;PS4;SI;SI;SI;Aventura;Digital;3,39 �;COMPRADO;;
Unravel;Unravel Yarny;PS4;SI;SI;SI;Aventura;Digital;4,49 �;COMPRADO;;
Unravel Two;Unravel Yarny;PS4;NO;NO;-;Aventura;Digital;0,00 �;COMPARTIDO;;
Until Dawn;;PS4;SI;SI;SI;Terror;Digital;0,00 �;GRATIS PS+;;
Until Dawn: Rush of Blood;;PSVR;SI;SI;SI;Terror;Digital;0,00 �;GRATIS PS+;;
Until You Fall;;PSVR;NO;NO;-;Acci�n;Digital;0,00 �;GRATIS PS+;;
Vader Immortal: A Star Wars VR Series;;PSVR;SI;NO;NO;Acci�n;Digital;13,49 �;COMPRADO;;
Valkyria Revolution;Con DLCs;PS4;NO;NO;-;RPG;Digital;0,00 �;GRATIS;;
Vampyr;;PS4;NO;NO;-;RPG;Digital;0,00 �;GRATIS PS+;;
Vertical Drop Heroes HD;;PS4 / PSVita;NO;NO;-;Plataformas;Digital;0,69 �;COMPRADO;;
Viewfinder;;PS5 / PS4;NO;NO;-;Aventura;Digital;0,00 �;GRATIS PS+;;
Virtua Fighter 5 Ultimate Showdown;;PS4;NO;NO;-;Lucha;Digital;0,00 �;GRATIS PS+;;
Visions of Mana;(PAL/UK);PS5;SI;SI;SI;RPG;F�sico;30,80 �;COMPRADO;;
VR Karts;;PSVR;NO;NO;-;Carreras;F�sico;10,27 �;COMPRADO;;
VR Ping Pong Pro;BUG;PSVR;SI;SI;SI;Otros;Digital;14,99 �;COMPRADO;;
VR Worlds;;PSVR;SI;NO;NO;Otros;Digital;0,00 �;REGALO;;
Warframe;;PS5 / PS4;NO;NO;-;Acci�n;Digital;0,00 �;GRATIS;;
Warhammer 40.000: Boltgun;;PS5 / PS4;NO;NO;-;Acci�n;Digital;0,00 �;GRATIS PS+;;
Warhammer 40.000: Darktide;;PS5;NO;NO;-;Acci�n;Digital;0,00 �;GRATIS PS+;;
Waves Out!;;PS4;NO;NO;-;Plataformas;Digital;0,00 �;GRATIS PS+;;
Way Down;;PS4;NO;NO;-;Acci�n;Digital;0,00 �;GRATIS PS+;;
Way of Redemption;;PS4;NO;NO;-;Deportes;Digital;0,00 �;GRATIS PS+;;
Wayward Sky;;PSVR;SI;SI;NO;Aventura Gr�fica;Digital;9,99 �;COMPRADO;;
Weird West;Definitive Edition;PS5 / PS4;NO;NO;-;RPG;Digital;0,00 �;GRATIS PS+;;
What Remains of Edith Finch;;PS4;SI;SI;NO;Aventura Gr�fica;Digital;0,00 �;GRATIS PS+;;
Whispering Willows;;PS4 / PSVita;SI;SI;SI;Aventura;Digital;2,49 �;COMPRADO;;
Wipeout Omega Collection;;PSVR;NO;NO;-;Carreras;Digital;0,00 �;REGALO;;
Without Escape;;PS4 / PSVita;SI;SI;SI;Aventura;Digital;1,34 �;COMPRADO;;
Wizards Tourney;;PS4;SI;SI;SI;Otros;Digital;0,00 �;GRATIS PS+;;
Wo Long Fallen Dynasty;(PAL/UK);PS5;SI;SI;SI;RPG;F�sico;25,50 �;COMPRADO;;
Wonder Boy: The Dragon's Trap;;PS4;SI;SI;NO;Metroidvania;Digital;9,99 �;COMPRADO;;
World Of Final Fantasy;Limited Edition Art Book;PS4;SI;SI;SI;RPG;F�sico;52,90 �;COMPRADO;;
Worms Battlegrounds;;PS4;NO;NO;-;Otros;Digital;0,00 �;GRATIS PS+;;
Worms Rumble;;PS5 / PS4;NO;NO;-;Otros;Digital;0,00 �;GRATIS PS+;;
WRC;;PS5;NO;NO;-;Carreras;Digital;0,00 �;GRATIS PS+;;
Wreckfest;;PS5;SI;SI;SI;Carreras;Digital;0,00 �;GRATIS PS+;;
Wuchang: Fallen Feathers;;PS5;NO;NO;-;RPG;Digital;0,00 �;GRATIS PS+;;
WWE 2K Battlegrounds;;PS4;NO;NO;-;Lucha;Digital;0,00 �;GRATIS PS+;;
WWE 2K24;;PS5 / PS4;NO;NO;-;Lucha;Digital;0,00 �;GRATIS PS+;;
XCOM 2;;PS4;NO;NO;-;Otros;Digital;0,00 �;GRATIS PS+;;
Yakuza Kiwami;;PS4;NO;NO;-;Acci�n;Digital;0,00 �;GRATIS PS+;;
Yakuza Like a Dragon;;PS5 / PS4;SI;NO;NO;Acci�n;Digital;0,00 �;GRATIS PS+;;
Ys Origin;;PS4 / PSVita;SI;NO;NO;RPG;Digital;11,99 �;COMPRADO;;
Zombi;;PS4;NO;NO;-;Shooter;Digital;0,00 �;GRATIS PS+;;
Zombie Arm;;PS4;NO;NO;-;Acci�n;Digital;0,00 �;GRATIS PS+;;